preset,status,compile_ms,steady_ms_per_frame,steady_fps,total_ms
! Transition/Fast transition to black - levels effect === Goody's Lightning (ps 2-0) --- Isosceles edit.milk,ok,87.07,23.75,42.11,662.47
! Transition/Slow transition to black - gas effect + zoom in + orange filter === Tripgnosis - FlameOrb --- Isosceles edit.milk,ok,23.52,32.30,30.96,730.62
! Transition/Slow transition to black - gas effect + zoom in === Tripgnosis - FlameOrb --- Isosceles edit.milk,ok,19.42,28.32,35.32,703.68
! Transition/Slow transition to black - gas effect + zoom out === amandio c - magnetosphere --- Isosceles edit.milk,ok,30.93,21.85,45.77,444.12
Dancer/Aurora/$$$ Royal - Mashup (257).milk,ok,43.86,33.08,30.23,660.78
Dancer/Aurora/$$$ Royal - Mashup (259).milk,ok,45.02,35.05,28.53,706.79
Dancer/Aurora/271 nz+ m1 w2 i love life so much i can't stand it.milk,ok,56.89,46.90,21.32,1038.23
Dancer/Aurora/Jc - Crystal Shards.milk,ok,37.38,76.35,13.10,1071.29
Dancer/Aurora/Jc - Flower.milk,ok,41.86,42.70,23.42,944.09
Dancer/Aurora/Jc - Lungs.milk,ok,36.61,27.32,36.60,514.80
Dancer/Aurora/shifter - urchin kali b.milk,ok,28.87,25.57,39.11,477.25
Dancer/Aurora/shifter - urchin kali echos.milk,ok,31.92,26.12,38.29,480.69
Dancer/Aurora/shifter - urchin kali mod.milk,ok,34.67,28.01,35.70,498.77
Dancer/Aurora/shifter - urchin kali.milk,ok,29.54,26.46,37.80,481.33
Dancer/Aurora/shifter - urchin mod deli + nz+.milk,ok,46.47,66.73,14.99,1303.41
Dancer/Aurora/shifter - urchin mod.milk,ok,30.77,27.60,36.24,639.33
Dancer/Aurora/shifter - urchin mod_1.milk,ok,32.31,27.48,36.39,497.48
Dancer/Aurora/shifter - urchin.milk,ok,28.96,25.46,39.28,474.57
Dancer/Aurora/suksma - shifter - urchin kali echos - bowel nz+.milk,ok,40.12,53.29,18.76,1136.98
Dancer/Aurora/suksma - shifter - urchin kali echos - bowel nz.milk,ok,41.49,54.93,18.21,1157.98
Dancer/Aurora/suksma - shifter - urchin kali echos - bowel roams nz+.milk,ok,41.01,57.16,17.49,1225.86
Dancer/Aurora/suksma - shifter - urchin kali echos - bowel roams nz.milk,ok,40.60,53.41,18.72,1126.89
Dancer/Aurora/suksma - shifter - urchin kali echos - bowel roams nz3.milk,ok,38.33,54.91,18.21,1143.65
Dancer/Aurora/suksma - shifter - urchin kali echos - moish dt r3 nz+.milk,ok,41.69,76.70,13.04,1540.17
Dancer/Aurora/suksma - shifter - urchin kali echos - moish dt r3.milk,ok,45.31,60.59,16.50,1259.71
Dancer/Blobby Mirror/AdamFX 2 Geiss - Mash-Up Sphere Xibit Graffiti Warp me Oval Interprise.milk,ok,19.66,28.12,35.56,745.21
Dancer/Blobby Mirror/AdamFX 2 Geiss - Mash-Up Sphere Xibit Graffiti Warp me Oval Interprise3.milk,ok,31.12,30.52,32.76,746.25
Dancer/Blobby Mirror/AdamFX 2 Geiss - Mash-Up Sphere Xibit Graffiti Warp me Oval Interprise4.milk,ok,17.21,35.76,27.96,826.52
Dancer/Blobby Mirror/AdamFX 2 Geiss - Mash-Up Sphere Xibit Graffiti Warp me Tydye.milk,ok,27.14,40.09,24.94,862.08
Dancer/Blobby Mirror/AdamFX 2 Geiss - Mash-Up Sphere Xibit Graffiti Warp me Tydye2.milk,ok,32.33,31.32,31.93,762.18
Dancer/Blobby Mirror/AdamFX 2 Geiss - Mash-Up Sphere Xibit Graffiti Warp me Tydye3.milk,ok,24.83,39.85,25.09,860.49
Dancer/Blobby Mirror/AdamFX 2 Geiss - Mash-Up Sphere Xibit Graffiti Warp me Tydye5.milk,ok,31.40,37.79,26.47,894.82
Dancer/Blobby Mirror/Bdrv et AL Aderrasi - Accelerator (Orbital Migraine) bdvr xxx2_1 - mrt sth.milk,ok,43.73,35.74,27.98,831.27
Dancer/Blobby Mirror/Beat it Adam FX 2 suksma + Future light show  - Ft Che Hexocollie AdamFXRemixed  Again ft Flexi n Fishbrain +  Flexi Again Ugh 5.milk,ok,19.97,57.10,17.51,958.88
Dancer/Blobby Mirror/CantStop AdamFX 2 Stahlregen & Bmelgren + EoS + Geiss + Krash + Rocke + Rovastar - Glowstick Heart (MashUp 7) .milk,ok,26.25,21.23,47.11,616.95
Dancer/Blobby Mirror/LuxXx - Absinthe with MC Escher.milk,ok,39.25,46.79,21.37,952.24
Dancer/Blobby Mirror/LuxXx - BadBallz Beta.milk,ok,34.98,36.85,27.14,844.11
Dancer/Blobby Mirror/LuxXx - BadBallz.milk,ok,18.95,36.03,27.75,844.57
Dancer/Blobby Mirror/LuxXx - Beat Machina III.milk,ok,11.10,36.13,27.68,546.48
Dancer/Blobby Mirror/LuxXx - Benefiscient Prescience  (bouncing betty mindmines).milk,ok,36.08,37.19,26.89,860.63
Dancer/Blobby Mirror/LuxXx - Benefiscient Prescience Power.milk,ok,37.78,37.43,26.71,844.88
Dancer/Blobby Mirror/LuxXx - Benefiscient Prescience.milk,ok,35.58,32.35,30.91,780.22
Dancer/Blobby Mirror/LuxXx - Dain Bammerge v1 (balls).milk,ok,35.66,36.14,27.67,825.55
Dancer/Blobby Mirror/LuxXx - Dancing (Or Mating) Blobs II.milk,ok,31.77,51.69,19.35,1108.81
Dancer/Blobby Mirror/LuxXx - Done For the Evening.milk,ok,22.90,30.30,33.01,745.45
Dancer/Blobby Mirror/LuxXx - Done For the Night ii.milk,ok,37.02,53.64,18.64,1126.61
Dancer/Blobby Mirror/LuxXx - Done For the Night.milk,ok,36.06,36.71,27.24,861.52
Dancer/Blobby Mirror/LuxXx - I Am God (presence).milk,ok,36.51,37.40,26.74,845.17
Dancer/Blobby Mirror/LuxXx - Martin dsl b.milk,ok,34.75,44.20,22.62,926.59
Dancer/Blobby Mirror/LuxXx - Token Beat Galaxy All-Stars.milk,ok,33.73,37.71,26.52,845.19
Dancer/Blobby Mirror/LuxXx - Token Beats.milk,ok,37.14,36.93,27.08,845.08
Dancer/Blobby Mirror/LuxXx - Vegas 1.milk,ok,40.02,39.00,25.64,861.54
Dancer/Blobby Mirror/LuxXx - Water Your Pet Goldfish i.milk,ok,32.38,27.97,35.75,594.59
Dancer/Blobby Mirror/LuxXx - When the First Aliens Came b.milk,ok,36.23,29.73,33.64,727.64
Dancer/Blobby Mirror/LuxXx - i have a bad mario ball.milk,ok,41.63,35.67,28.03,828.38
Dancer/Blobby Mirror/LuxXx - kristy's beautiful balls ii.milk,ok,34.41,37.50,26.67,845.23
Dancer/Blobby Mirror/LuxXx - kristy's beautiful balls.milk,ok,37.60,37.50,26.67,844.71
Dancer/Blobby Mirror/LuxXx - kristy's krusty nutz v2.milk,ok,36.29,39.00,25.64,861.91
Dancer/Blobby Mirror/LuxXx - neuronsfiring all quiet like in ur nonfunctional brain ii.milk,ok,34.48,37.24,26.85,844.53
Dancer/Blobby Mirror/ORB - Cloud Scope.milk,ok,27.28,23.50,42.55,482.63
Dancer/Blobby Mirror/ORB - Radiation.milk,ok,24.73,22.03,45.38,447.75
Dancer/Blobby Mirror/ORB - Radiation2.milk,ok,25.36,22.59,44.26,442.99
Dancer/Blobby Mirror/Stahlregen & Flexi + Geiss + Martin + Rovastar + Telek - DiskWasher (Gentle RMX 2)_3.milk,ok,23.34,57.79,17.30,844.22
Dancer/Blobby Mirror/Stahlregen & Flexi + Geiss + Martin + Rovastar + Telek - DiskWasher (Gentle RMX).milk,ok,32.52,68.53,14.59,1126.67
Dancer/Blobby Mirror/Waltra - Blurry Balls.milk,ok,30.49,56.29,17.76,1191.77
Dancer/Blobby Mirror/Waltra - Horizon.milk,ok,38.29,56.01,17.85,1176.82
Dancer/Blobby Mirror/Waltra - Priority Lane.milk,ok,27.25,81.31,12.30,1309.45
Dancer/Blobby Mirror/bdrv etAL Aderrasi - Accelerator (orbital Migraine)bdrv94 gdy neck problem solution (tense for hours) atrocious (adj) fellucinate (n).milk,ok,42.45,39.44,25.36,959.30
Dancer/Blobby Mirror/flexi +  suksma + goody + fed + other artists - blarfff (throwing up cubes).milk,ok,21.15,25.13,39.80,679.16
Dancer/Blobby Mirror/martin - another kind of groove.milk,ok,28.24,50.58,19.77,975.36
Dancer/Blobby Mirror/martin - purple pulsator - mom - ns2w nz.milk,ok,16.97,50.51,19.80,695.65
Dancer/Blobby Mirror/martin - purple pulsator - mom - ns2w.milk,ok,13.58,50.10,19.96,711.31
Dancer/Blobby Mirror/shifter - flashburn roams use fishing line to keep the spiral plates from touching.milk,ok,35.94,30.70,32.58,778.22
Dancer/Blobby Mirror/suksma - ShadowHarlequin - mashup - Neon Starscape - butchered hogs with venom spread.milk,ok,57.47,49.01,20.40,994.84
Dancer/Blobby Mirror/suksma - amodal shadowbox monovag dialogue.milk,ok,21.31,18.56,53.89,578.59
Dancer/Blobby Mirror/suksma - ancientient visitarz anachronsolipsist goa.milk,ok,20.80,19.45,51.42,593.23
Dancer/Blobby Mirror/suksma - bathory kollect kallz.milk,ok,25.09,31.65,31.59,749.30
Dancer/Blobby Mirror/suksma - churlish egronomy steward supress terra preta roam3.milk,ok,29.57,32.90,30.40,789.61
Dancer/Blobby Mirror/suksma - churlish egronomy steward supress terra preta.milk,ok,28.24,31.83,31.42,778.74
Dancer/Blobby Mirror/suksma - deconstrue orbaet.milk,ok,26.08,33.65,29.72,795.52
Dancer/Blobby Mirror/suksma - dog vs hog vs chicken - naughty little people.milk,ok,32.20,53.78,18.59,1059.67
Dancer/Blobby Mirror/suksma - flaring squamoid mode placement nz+.milk,ok,36.81,40.57,24.65,944.18
Dancer/Blobby Mirror/suksma - flaring squamoid mode placement nz.milk,ok,35.60,34.60,28.91,828.78
Dancer/Blobby Mirror/suksma - flaring squamoid mode placement.milk,ok,36.25,31.25,32.00,750.74
"Dancer/Blobby Mirror/suksma - g-martin m-m w-!mu$ wp-m c-m - getting beat isn't embarrassing, it's no one cares.milk",ok,31.11,49.28,20.29,971.72
Dancer/Blobby Mirror/suksma - hugs for the evil - altars of sadness.milk,ok,23.66,41.48,24.11,827.11
Dancer/Blobby Mirror/suksma - kcigam spoo.milk,ok,39.80,34.75,28.78,827.99
Dancer/Blobby Mirror/suksma - let it all end.milk,ok,17.79,24.86,40.23,712.08
Dancer/Blobby Mirror/suksma - mickey.milk,ok,34.84,35.06,28.52,812.10
Dancer/Blobby Mirror/suksma - never churchmouth.milk,ok,30.17,26.25,38.10,690.73
Dancer/Blobby Mirror/suksma - never kanva.milk,ok,31.43,77.81,12.85,1214.27
Dancer/Blobby Mirror/suksma - never throck.milk,ok,31.11,29.16,34.29,794.08
Dancer/Blobby Mirror/suksma - summon elementals for holocaustal plague creativity nz.milk,ok,23.85,31.37,31.88,777.77
Dancer/Blobby Mirror/suksma - trapstract.milk,ok,33.49,31.65,31.60,766.82
"Dancer/Blobby Mirror/suksma - veiny texture of your m gloves - you can change everything if you can change the mind,.milk",ok,35.70,46.53,21.49,989.17
Dancer/Blobby Mirror/xtramartin (3).milk,ok,31.60,54.98,18.19,1026.90
Dancer/Blobby/LuxXx - Dancing (Or Mating) Blobs III nz+.milk,ok,32.89,62.24,16.07,1308.13
Dancer/Blobby/LuxXx - Dancing (Or Mating) Blobs III.milk,ok,34.40,48.63,20.56,1077.27
Dancer/Blobby/LuxXx - LavaBlobz.milk,ok,33.12,43.68,22.89,977.54
Dancer/Blobby/LuxXx - Molton Bouncybugs.milk,ok,34.09,36.92,27.09,894.88
Dancer/Blobby/LuxXx - The BeatSlime.milk,ok,33.00,70.62,14.16,1406.83
Dancer/Blobby/LuxXx - active dark matter magma surface i.milk,ok,27.68,53.15,18.81,1127.04
Dancer/Blobby/LuxXx - disconuggets bleeding color outsiz1dsf.milk,ok,37.35,30.40,32.90,778.56
Dancer/Blobby/LuxXx - disconuggets bleeding color.milk,ok,35.03,30.72,32.55,762.08
Dancer/Blobby/LuxXx - my flashin freyens.milk,ok,36.69,30.35,32.95,761.53
Dancer/Blobby/Roosta - Diaspora - shf esr the beauty of ugliness nz.milk,ok,37.28,56.27,17.77,1043.68
Dancer/Blobby/Roosta - Diaspora - shf esr the beauty of ugliness.milk,ok,41.91,46.66,21.43,910.35
Dancer/Blobby/Roosta - Diaspora - shf esr the beauty of uglinesss - bisexual mix.milk,ok,41.40,46.03,21.73,894.29
Dancer/Blobby/Waltra - Pair of Balls.milk,ok,19.40,19.24,51.98,618.28
Dancer/Blobby/beta106i - The One Eyed Fool cyclopeaen dungeon --- Isosceles edit.milk,ok,36.03,40.75,24.54,771.68
Dancer/Blobby/beta106i - The One Eyed Fool cyclopeaen dungeon.milk,ok,38.31,40.07,24.95,779.08
Dancer/Blobby/carved in skin nz+ --- Isosceles edit.milk,ok,35.85,58.14,17.20,1241.81
Dancer/Blobby/carved in skin nz+.milk,ok,35.20,59.37,16.84,1293.18
Dancer/Blobby/carved in skin nz.milk,ok,36.32,51.16,19.54,1126.93
Dancer/Blobby/craq caqt mbaw.milk,ok,25.12,31.36,31.88,811.48
Dancer/Blobby/martin - mucus cervix - geiss crossfire shaders.milk,ok,22.89,21.21,47.14,628.31
Dancer/Blobby/niglige vs nigremortis.milk,ok,33.64,53.37,18.74,1125.10
Dancer/Blobby/pestilential vibrhatorik.milk,ok,29.10,49.73,20.11,1044.07
Dancer/Blobby/prbdaian zerzan vs fresco.milk,ok,36.49,59.54,16.80,1159.81
Dancer/Blobby/rce-ordinary - melt spinner (particle only).milk,ok,30.19,26.62,37.57,710.98
Dancer/Blobby/redi jedi - triptacular_phat_edit gdy neck problem solution (tense for hours) shake it like you're a corpse.milk,ok,42.71,37.16,26.91,878.70
Dancer/Blobby/shifter + Flexi - liquid circuitry from the neon grafitti hive nz+ agony lovesickle` 't'snotkgnoztck kids.milk,ok,28.58,58.59,17.07,1292.47
Dancer/Blobby/shifter + Geiss - molten glass wrap.milk,ok,35.89,25.81,38.74,614.34
Dancer/Blobby/shifter - flashburn roams moray king's crabcakes.milk,ok,28.54,32.71,30.58,776.92
Dancer/Blobby/some say the end is near.milk,ok,55.64,56.95,17.56,1143.46
Dancer/Blobby/suksma - Chemlock - Spot (Zylot & Aderrasi equations) martin stahlregen - croxley basket nz+.milk,ok,30.55,77.46,12.91,1457.68
Dancer/Blobby/suksma - Chemlock - Spot (Zylot & Aderrasi equations) martin stahlregen - croxley basket.milk,ok,36.12,58.52,17.09,1159.71
Dancer/Blobby/suksma - anti-glare dimension lens optics coating.milk,ok,32.40,35.25,28.37,827.56
Dancer/Blobby/suksma - arrange-a-tang - shf radial tripolar swung.milk,ok,29.90,34.39,29.08,811.39
Dancer/Blobby/suksma - assheadish lice - flx spr col.milk,ok,34.60,67.50,14.81,1242.87
Dancer/Blobby/suksma - assheadish lice.milk,ok,36.27,41.25,24.24,942.30
Dancer/Blobby/suksma - breaking the beam only to hump the tower --- Isosceles edit.milk,ok,51.19,38.15,26.21,870.38
Dancer/Blobby/suksma - breaking the beam only to hump the tower.milk,ok,53.18,37.99,26.32,850.15
Dancer/Blobby/suksma - burning men.milk,ok,34.41,27.71,36.09,729.30
Dancer/Blobby/suksma - chemosynthetic nosferatu - gdy patent pending free energy devices - rand tritex - inv play.milk,ok,25.88,21.62,46.24,547.42
Dancer/Blobby/suksma - ctp log smell.milk,ok,42.64,52.48,19.05,991.24
Dancer/Blobby/suksma - dearthiary resurrectomy pun.milk,ok,24.39,45.29,22.08,954.86
Dancer/Blobby/suksma - deep in you two rows.milk,ok,29.76,45.64,21.91,1010.09
Dancer/Blobby/suksma - dicked.milk,ok,15.87,45.07,22.19,645.78
Dancer/Blobby/suksma - dog vs hog vs chicken.milk,ok,30.44,57.03,17.53,1077.44
Dancer/Blobby/suksma - floresiensis.milk,ok,28.82,33.09,30.22,794.98
Dancer/Blobby/suksma - formula one stock car engines.milk,ok,37.98,56.11,17.82,1144.35
Dancer/Blobby/suksma - glam orbital nag.milk,ok,32.15,34.45,29.03,827.06
Dancer/Blobby/suksma - i orgasm for dogma.milk,ok,39.75,49.33,20.27,1061.05
Dancer/Blobby/suksma - my face is black pus - more roosta additive shapes roam.milk,ok,31.99,60.40,16.56,1109.61
Dancer/Blobby/suksma - my face is black pus - more roosta additive shapes.milk,ok,28.64,56.25,17.78,1042.40
Dancer/Blobby/suksma - never bam.milk,ok,29.74,27.88,35.86,704.69
Dancer/Blobby/suksma - never breathe.milk,ok,31.96,27.85,35.91,719.87
"Dancer/Blobby/suksma - not like this, not like this ap3+ roam2 higgs field satanism.milk",ok,35.98,36.18,27.64,843.83
"Dancer/Blobby/suksma - not like this, not like this.milk",ok,34.54,42.55,23.50,944.69
Dancer/Blobby/suksma - psycklique massage paetrol ar --- Isosceles edit2.milk,ok,31.81,39.41,25.37,977.37
Dancer/Blobby/suksma - septop.milk,ok,36.50,50.02,19.99,1127.38
Dancer/Blobby/suksma - shifter - spincycle + labor of others.milk,ok,41.13,45.10,22.17,994.31
Dancer/Blobby/suksma - shifter - spincycle c - bleusnot roam.milk,ok,41.39,38.80,25.77,911.50
Dancer/Blobby/suksma - shifter - spincycle c - bleusnot.milk,ok,38.03,37.20,26.88,878.00
Dancer/Blobby/suksma - trapped in fecality.milk,ok,38.07,55.17,18.13,1127.52
Dancer/Comet Mirror/226.milk,ok,43.15,34.10,29.33,828.33
Dancer/Comet Mirror/240.milk,ok,53.96,45.38,22.03,959.37
Dancer/Comet Mirror/242 gonskin.milk,ok,55.28,68.24,14.65,1474.47
Dancer/Comet Mirror/246.milk,ok,51.93,45.56,21.95,1027.22
Dancer/Comet Mirror/28.milk,ok,58.30,45.54,21.96,842.60
Dancer/Comet Mirror/325.milk,ok,50.78,43.38,23.05,923.74
Dancer/Comet Mirror/424.milk,ok,55.79,46.48,21.51,900.11
Dancer/Comet Mirror/447.milk,ok,57.38,48.70,20.53,928.07
Dancer/Comet Mirror/448.milk,ok,58.90,50.01,20.00,932.05
Dancer/Comet Mirror/449.milk,ok,58.78,46.57,21.47,911.25
Dancer/Comet Mirror/EVET - Tempest-death bunny thing.milk,ok,29.63,27.07,36.95,498.52
Dancer/Comet Mirror/EVET - Zion Matrix.milk,ok,29.23,152.56,6.55,2115.97
Dancer/Comet Mirror/EoS + Phat - chasers 11 sentinel C_poltergeist_Blue_mix loavthepsyq.milk,ok,61.10,84.36,11.85,1804.81
Dancer/Comet Mirror/EoS + Phat - chasers 11 sentinel C_poltergeist_Blue_mix nz+.milk,ok,58.83,73.62,13.58,1574.79
Dancer/Comet Mirror/EoS + Phat - chasers 11 sentinel C_poltergeist_Blue_mix_2 hog rot.milk,ok,57.58,62.69,15.95,1326.05
Dancer/Comet Mirror/EoS + Phat - chasers 11 sentinel C_poltergeist_Blue_mix_22 malalol tweak.milk,ok,52.37,43.71,22.88,901.45
Dancer/Comet Mirror/EoS + Phat - chasers 11 sentinel C_poltergeist_mix response daemon.milk,ok,48.79,39.46,25.34,633.79
Dancer/Comet Mirror/EoS + Phat - chasers 12 sentinel Daemon - mash0000 - multi-band time-distortion aurora granules.milk,ok,51.71,42.58,23.49,821.17
Dancer/Comet Mirror/EoS + Phat - chasers 13 sentinel 189 nz+ shifting through manyanas.milk,ok,60.31,51.00,19.61,1098.26
Dancer/Comet Mirror/EoS + Phat - chasers 13 sentinel 616.milk,ok,47.91,41.64,24.01,727.23
Dancer/Comet Mirror/EoS + Phat - chasers 13 sentinel 616_Pretty_interesting.milk,ok,47.31,41.34,24.19,649.09
Dancer/Comet Mirror/EoS + Phat - chasers 14 sentinel 616 (Jelly 5-55).milk,ok,61.37,56.77,17.62,1041.84
Dancer/Comet Mirror/EoS + Phat - chasers 14 sentinel 616 (xbmc speed tweak).milk,ok,34.57,28.66,34.89,553.25
Dancer/Comet Mirror/EoS + Phat - chasers 14 sentinel 616.milk,ok,49.64,40.06,24.96,639.80
